{
    "elapsedMilliseconds": 8.8252,
    "matchTolerance": 0.00009999999747378752,
    "offsetCount": 20,
    "offsets": [
        {
            "translation": {
                "x": 38.02194595336914,
                "y": 13.48873519897461,
                "z": 1.1667289733886719
            },
            "matrix": {
                "m00": -0.16718703508377076,
                "m10": -0.633976936340332,
                "m20": -0.7550643682479858,
                "m30": 0.0,
                "m01": -0.633976936340332,
                "m11": 0.6556450128555298,
                "m21": -0.41012558341026308,
                "m31": 0.0,
                "m02": 0.7550643682479858,
                "m12": 0.4101255536079407,
                "m22": -0.511542022228241,
                "m32": 0.0,
                "m03": 38.02194595336914,
                "m13": 13.48873519897461,
                "m23": 1.1667289733886719,
                "m33": 1.0
            }
        },
        {
            "translation": {
                "x": 35.09719467163086,
                "y": 32.42805480957031,
                "z": -18.38149642944336
            },
            "matrix": {
                "m00": -0.33630627393722536,
                "m10": -0.721735954284668,
                "m20": -0.6049755215644836,
                "m30": 0.0,
                "m01": -0.721735954284668,
                "m11": 0.6101922988891602,
                "m21": -0.326745867729187,
                "m31": 0.0,
                "m02": 0.6049755811691284,
                "m12": 0.32674580812454226,
                "m22": -0.7261141538619995,
                "m32": 0.0,
                "m03": 35.09719467163086,
                "m13": 32.42805480957031,
                "m23": -18.38149642944336,
                "m33": 1.0
            }
        },
        {
            "translation": {
                "x": -7.204362869262695,
                "y": 6.798379898071289,
                "z": 28.597126007080079
            },
            "matrix": {
                "m00": -0.44066792726516726,
                "m10": 0.4033382833003998,
                "m20": 0.8019537925720215,
                "m30": 0.0,
                "m01": 0.40333831310272219,
                "m11": 0.8870790004730225,
                "m21": -0.2245199978351593,
                "m31": 0.0,
                "m02": -0.8019537925720215,
                "m12": 0.22451996803283692,
                "m22": -0.5535889863967896,
                "m32": 0.0,
                "m03": -7.204362869262695,
                "m13": 6.798379898071289,
                "m23": 28.597126007080079,
                "m33": 1.0
            }
        },
        {
            "translation": {
                "x": 48.692020416259769,
                "y": -22.01795196533203,
                "z": 36.4661750793457
            },
            "matrix": {
                "m00": 0.3081415593624115,
                "m10": -0.2087799608707428,
                "m20": 0.928148627281189,
                "m30": 0.0,
                "m01": -0.2087799310684204,
                "m11": 0.9369971752166748,
                "m21": 0.280084490776062,
                "m31": 0.0,
                "m02": -0.9281485080718994,
                "m12": -0.280084490776062,
                "m22": 0.24513870477676392,
                "m32": 0.0,
                "m03": 48.692020416259769,
                "m13": -22.01795196533203,
                "m23": 36.4661750793457,
                "m33": 1.0
            }
        },
        {
            "translation": {
                "x": 46.169456481933597,
                "y": -36.533226013183597,
                "z": -29.26272201538086
            },
            "matrix": {
                "m00": 0.04453137516975403,
                "m10": 0.400870144367218,
                "m20": 0.915052056312561,
                "m30": 0.0,
                "m01": 0.400870144367218,
                "m11": 0.8318136930465698,
                "m21": -0.38391321897506716,
                "m31": 0.0,
                "m02": -0.9150519967079163,
                "m12": 0.3839130997657776,
                "m22": -0.12365508079528809,
                "m32": 0.0,
                "m03": 46.169456481933597,
                "m13": -36.533226013183597,
                "m23": -29.26272201538086,
                "m33": 1.0
            }
        },
        {
            "translation": {
                "x": -38.629981994628909,
                "y": 6.132823944091797,
                "z": 40.94749069213867
            },
            "matrix": {
                "m00": 0.4704718589782715,
                "m10": -0.30056431889533999,
                "m20": -0.8296489715576172,
                "m30": 0.0,
                "m01": -0.3005642890930176,
                "m11": 0.8293974995613098,
                "m21": -0.47091513872146609,
                "m31": 0.0,
                "m02": 0.8296490907669067,
                "m12": 0.4709150791168213,
                "m22": 0.299869179725647,
                "m32": 0.0,
                "m03": -38.629981994628909,
                "m13": 6.132823944091797,
                "m23": 40.94749069213867,
                "m33": 1.0
            }
        },
        {
            "translation": {
                "x": -3.872577667236328,
                "y": 7.400993347167969,
                "z": -39.023780822753909
            },
            "matrix": {
                "m00": 0.4717472195625305,
                "m10": 0.5259029269218445,
                "m20": -0.7077292799949646,
                "m30": 0.0,
                "m01": 0.5259029865264893,
                "m11": 0.4764363467693329,
                "m21": 0.7045810222625732,
                "m31": 0.0,
                "m02": 0.7077291011810303,
                "m12": -0.7045810222625732,
                "m22": -0.051816489547491077,
                "m32": 0.0,
                "m03": -3.872577667236328,
                "m13": 7.400993347167969,
                "m23": -39.023780822753909,
                "m33": 1.0
            }
        },
        {
            "translation": {
                "x": 20.11895751953125,
                "y": 45.61712646484375,
                "z": -34.33517074584961
            },
            "matrix": {
                "m00": 0.48624661564826968,
                "m10": 0.39444220066070559,
                "m20": 0.7797305583953857,
                "m30": 0.0,
                "m01": 0.39444220066070559,
                "m11": 0.6971608996391296,
                "m21": -0.598650336265564,
                "m31": 0.0,
                "m02": -0.7797305583953857,
                "m12": 0.5986502766609192,
                "m22": 0.1834075003862381,
                "m32": 0.0,
                "m03": 20.11895751953125,
                "m13": 45.61712646484375,
                "m23": -34.33517074584961,
                "m33": 1.0
            }
        },
        {
            "translation": {
                "x": 28.179258346557618,
                "y": -40.94507598876953,
                "z": 34.4122314453125
            },
            "matrix": {
                "m00": 0.5902936458587647,
                "m10": 0.08422219753265381,
                "m20": 0.8027827143669128,
                "m30": 0.0,
                "m01": 0.08422219753265381,
                "m11": 0.9826867580413818,
                "m21": -0.16502587497234345,
                "m31": 0.0,
                "m02": -0.8027826547622681,
                "m12": 0.16502586007118226,
                "m22": 0.5729803442955017,
                "m32": 0.0,
                "m03": 28.179258346557618,
                "m13": -40.94507598876953,
                "m23": 34.4122314453125,
                "m33": 1.0
            }
        },
        {
            "translation": {
                "x": -18.588134765625,
                "y": -47.62903594970703,
                "z": -43.56298065185547
            },